{"initial_reset_timestamp": 1522638931.795062, "timestamps": [1522638934.976056, 1522638939.2331252, 1522638943.516011, 1522638947.6909409, 1522638951.473953, 1522638954.659349, 1522638957.665906, 1522638960.9976902, 1522638964.45753, 1522638968.032892, 1522638971.420285, 1522638974.821146, 1522638978.377419, 1522638982.287976, 1522638986.514426, 1522638990.7409449, 1522638994.863887, 1522638998.823812, 1522639002.748864, 1522639006.68644, 1522639010.634339, 1522639014.608371, 1522639018.7557728, 1522639023.450283, 1522639028.424175, 1522639034.0930932, 1522639039.8851252, 1522639043.961733, 1522639047.735723, 1522639051.461142, 1522639055.3775811, 1522639059.353676, 1522639063.387027, 1522639067.940347, 1522639072.4904, 1522639077.076543, 1522639081.2247198, 1522639085.1593359, 1522639089.253249, 1522639093.322114, 1522639097.444478, 1522639101.49422, 1522639105.389247, 1522639109.068177, 1522639112.341892, 1522639115.4632618, 1522639118.9703, 1522639122.791949, 1522639127.0394628, 1522639131.180728, 1522639135.108917, 1522639139.0265, 1522639142.8486001, 1522639146.315874, 1522639149.972331, 1522639153.984619, 1522639158.4110348, 1522639162.346601, 1522639166.231, 1522639169.415544, 1522639172.737548, 1522639176.551305, 1522639180.213713, 1522639183.521327, 1522639187.004831, 1522639190.601203, 1522639194.715057, 1522639198.5574558, 1522639201.731925, 1522639204.717278, 1522639207.860393, 1522639211.2611892, 1522639214.724033, 1522639218.250029, 1522639222.2682161, 1522639226.495084, 1522639230.254213, 1522639233.640466, 1522639236.7486641, 1522639240.035468, 1522639243.374515, 1522639246.530179, 1522639249.773491, 1522639253.012258, 1522639256.333168, 1522639259.539519, 1522639262.74398, 1522639265.932887, 1522639269.460565, 1522639273.608811, 1522639277.9458702, 1522639281.630086, 1522639284.8102489, 1522639287.953105, 1522639291.46862, 1522639295.5443919, 1522639299.776742, 1522639303.800601, 1522639307.997833, 1522639311.847811, 1522639315.536909, 1522639319.55543, 1522639323.851305, 1522639327.732373, 1522639331.344197, 1522639334.5930932, 1522639338.0459058, 1522639341.5474281, 1522639345.724596, 1522639349.881758, 1522639354.239716, 1522639358.8398762, 1522639363.274896, 1522639367.917214, 1522639372.497112, 1522639377.15325, 1522639381.5798988, 1522639386.2073312, 1522639391.1889338, 1522639395.884475, 1522639400.4830568, 1522639404.905928, 1522639408.8836339, 1522639412.901462, 1522639416.8410041, 1522639421.138426, 1522639425.2063239, 1522639428.713974, 1522639431.857634, 1522639434.8023129, 1522639437.885809, 1522639441.3170838, 1522639445.435748, 1522639449.667922, 1522639454.004102, 1522639458.3226292, 1522639462.4395, 1522639466.615689, 1522639470.798539, 1522639475.1491442, 1522639478.763691, 1522639481.861038, 1522639485.261194, 1522639489.3357031, 1522639494.0422301, 1522639498.358714, 1522639502.493998, 1522639506.209756, 1522639509.096781, 1522639511.818142, 1522639514.539435, 1522639517.22964, 1522639519.934934, 1522639522.495156, 1522639525.1074402, 1522639527.970001, 1522639530.928737, 1522639533.94465, 1522639536.6714408, 1522639539.377815, 1522639542.293845, 1522639545.2860212, 1522639548.281276, 1522639551.257791, 1522639554.354178, 1522639557.1283, 1522639559.927867, 1522639562.86372, 1522639565.9122372, 1522639568.96487, 1522639572.02584, 1522639574.8229618, 1522639577.553762, 1522639580.270282, 1522639582.994223, 1522639585.726944, 1522639588.4621289, 1522639591.388062, 1522639594.4282901, 1522639597.193593, 1522639599.936745, 1522639602.655902, 1522639605.401736, 1522639608.126237, 1522639611.019632, 1522639614.062463, 1522639617.154797, 1522639620.118222, 1522639622.821888, 1522639625.5288162, 1522639628.284209, 1522639630.928569, 1522639633.477705, 1522639636.0431721, 1522639638.60912, 1522639641.1863732, 1522639644.035563, 1522639647.249374, 1522639650.507006, 1522639653.4240372, 1522639656.007803, 1522639658.535815, 1522639661.187144, 1522639664.10718, 1522639667.839817, 1522639671.5803142, 1522639675.2610822, 1522639678.834635, 1522639682.371983, 1522639686.055974, 1522639689.6753678, 1522639693.2707431, 1522639697.983467, 1522639702.511629, 1522639707.051701, 1522639712.1155798, 1522639716.4466271, 1522639720.74417, 1522639725.2901351, 1522639729.497633, 1522639733.5353699, 1522639737.503645, 1522639742.062241, 1522639746.7612932, 1522639752.153544, 1522639757.41007, 1522639762.122815, 1522639766.643162, 1522639771.063665, 1522639776.052872, 1522639780.576253, 1522639784.767283, 1522639788.5023491, 1522639792.6644218, 1522639797.238799, 1522639802.062811, 1522639807.425864, 1522639811.915654, 1522639815.870976, 1522639819.3983512, 1522639823.318111, 1522639827.239087, 1522639831.40323, 1522639835.8126059, 1522639840.192659, 1522639844.25278, 1522639848.2642078, 1522639852.216474, 1522639856.436169, 1522639860.7920241, 1522639865.546221, 1522639870.12993, 1522639874.343165, 1522639878.770229, 1522639882.7322729, 1522639886.492238, 1522639890.1733649, 1522639893.4402602, 1522639896.878753, 1522639900.547937, 1522639904.18873, 1522639907.902147, 1522639911.7522628, 1522639915.685447, 1522639919.933585, 1522639924.30972, 1522639928.5404968, 1522639932.6347039, 1522639936.566219, 1522639940.564865, 1522639944.484003, 1522639948.441362, 1522639952.38185, 1522639956.703143, 1522639961.5468538, 1522639966.443317, 1522639971.1589592, 1522639975.881454, 1522639981.007189, 1522639985.6483781, 1522639990.2809012, 1522639994.928763, 1522639999.451178, 1522640004.124894, 1522640008.8880372, 1522640013.6633248, 1522640018.7287428, 1522640023.831049], "episode_lengths": [200, 200, 200, 200, 200, 200, 200, 200, 200, 200, 200, 200, 200, 200, 200, 200, 200, 200, 200, 200, 200, 200, 200, 200, 200, 200, 200, 200, 200, 200, 200, 200, 200, 200, 200, 200, 200, 200, 200, 200, 200, 200, 200, 200, 200, 200, 200, 200, 200, 200, 200, 200, 200, 200, 200, 200, 200, 200, 200, 200, 200, 200, 200, 200, 200, 200, 200, 200, 200, 200, 200, 200, 200, 200, 200, 200, 200, 200, 200, 200, 200, 200, 200, 200, 200, 200, 200, 200, 200, 200, 200, 200, 200, 200, 200, 200, 200, 200, 200, 200, 200, 200, 200, 200, 200, 200, 200, 200, 200, 200, 200, 200, 200, 200, 200, 200, 200, 200, 200, 200, 200, 200, 200, 200, 200, 200, 200, 200, 200, 200, 200, 200, 200, 200, 200, 200, 200, 200, 200, 200, 200, 200, 200, 200, 200, 200, 200, 200, 200, 200, 200, 200, 200, 200, 200, 200, 200, 200, 200, 200, 200, 200, 200, 200, 200, 200, 200, 200, 200, 200, 200, 200, 200, 200, 200, 200, 200, 200, 200, 200, 200, 200, 200, 200, 200, 200, 200, 200, 200, 200, 200, 200, 200, 200, 200, 200, 200, 200, 200, 200, 200, 200, 200, 200, 200, 200, 200, 200, 200, 200, 200, 200, 200, 200, 200, 200, 200, 200, 200, 200, 200, 200, 200, 200, 200, 200, 200, 200, 200, 200, 200, 200, 200, 200, 200, 200, 200, 200, 200, 200, 200, 200, 200, 200, 200, 200, 200, 200, 200, 200, 200, 200, 200, 200, 200, 200, 200, 200, 200, 200, 200, 200, 200, 200, 200, 200, 200, 200, 200, 200, 200, 200, 200, 200, 200, 200, 200, 200, 200, 200, 200, 200, 200, 200, 200, 200, 200, 200],